1,15,7,0.4
2,10,5,0.9
3,6,3,0.9
0,19,9,0.4
4,14,7,0.9
5,21,2,0.5
6,11,3,0.1
7,7,5,0.1
8,4,4,0.8
17,7,10,0.6
16,18,8,0.4
15,15,6,0.3
19,8,5,0.2
18,12,7,1
13,18,8,2
12,17,9,0.7
14,14,6,1.4
11,20,3,0.1
10,7,2,0.3
9,10,4,1.4
23,5,11,1.2
22,4,3,0.4
21,6,2,1.6
20,21,3,1.2
24,13,7,0.9
34,12,5,0.1
35,19,10,0.8
33,18,10,0.7
32,17,3,0.1
29,9,7,0.4
31,5,9,0.9
30,20,9,0.7
26,13,5,2
25,16,3,0.2
28,9,7,1.2
27,18,2,0.2
40,6,4,0.4
39,11,10,1.2
36,8,3,0.8
38,9,11,1.6
37,14,8,0.1
54,12,4,1.2
55,16,10,0.2
56,17,10,0.9
47,17,2,2
46,19,11,0.5
48,7,9,0.8
53,12,4,0.4
50,10,7,1.6
49,16,2,0.7
52,18,3,0.7
51,17,10,0.1
44,16,10,1
43,5,8,1.2
42,15,5,0.5
41,17,2,0.4
45,12,4,2
63,7,6,0.6
64,15,10,0.3
62,12,11,1
61,17,5,0.7
60,8,9,1.8
59,11,8,0.3
58,13,3,0.2
57,16,5,2
65,18,4,0.4
67,5,6,0.3
66,13,10,0.6
69,22,11,0.6
70,20,10,0.6
68,17,8,0.5
72,18,9,0.6
71,9,4,0.5
74,13,5,0.1
73,18,10,0.2
78,21,3,0.3
79,5,11,0.3
77,13,7,0.6
75,19,8,1.8
76,11,4,0.2
81,21,3,0.1
82,5,11,0.1
80,6,10,0.8
83,10,9,1
84,21,6,0.3
87,19,7,0.7
85,10,11,0.2
86,15,9,0.7
88,14,9,1
90,17,9,1
89,20,3,0.4
92,5,6,0.7
93,22,7,0.9
94,20,6,0.9
91,13,10,1
95,11,9,1.4
96,14,3,0.6
97,9,7,0.5
98,7,8,2
100,18,2,0.3
99,16,3,0.3
101,14,4,0.9
102,21,9,1.6
103,10,6,0.9
104,19,10,2
105,15,4,0.4
106,15,4,2
107,19,10,0.4
108,17,11,0.8
110,19,5,0.8
111,9,8,0.4
109,12,10,0.1
112,17,4,0.4
115,20,8,0.8
116,15,5,0.7
113,5,8,1.4
114,17,10,0.3
119,5,8,0.9
120,20,8,0.7
121,15,5,0.8
118,17,2,0.1
117,16,10,0.7
124,13,4,0.4
122,21,8,0.4
123,4,8,1.2
125,17,11,0.2
126,8,7,0.7
128,21,9,0.2
127,19,10,0.6
134,13,10,0.1
135,6,7,0.5
132,20,6,1.8
133,22,7,1.8
136,14,3,0.5
130,8,8,0.4
131,13,2,2
129,18,5,0.2
138,12,10,1.2
137,16,4,0.2
143,15,7,0.6
144,7,11,0.3
142,19,9,0.6
140,22,3,2
141,12,6,0.7
139,21,10,0.2
146,16,2,0.4
145,18,3,0.4
147,12,4,0.7
148,17,10,1
149,10,5,1
150,6,3,1
151,7,11,1.8
152,21,2,0.6
153,14,7,1
154,14,8,1.8
155,11,10,0.7
156,14,8,1.6
157,18,6,1
158,9,11,0.1
160,15,11,0.9
161,7,7,1.2
159,10,9,2
163,14,11,0.4
162,12,10,1.6
167,21,7,0.3
168,15,2,1.8
166,13,3,0.6
164,7,6,0.2
165,14,2,0.7
169,11,10,1.6
170,13,9,0.4
171,9,11,1.2
172,21,7,1.8
173,15,2,0.3
174,16,5,0.1
175,19,4,0.6
180,14,2,0.6
181,21,7,1
179,17,5,0.2
177,13,3,0.7
178,11,8,1.4
176,16,5,0.9
182,7,6,0.8
183,15,10,0.5
187,7,4,0.7
186,17,7,0.6
185,16,7,0.5
184,21,5,1.4
190,18,6,0.5
188,11,2,0.7
189,6,4,0.2
193,11,5,0.5
194,18,9,1
195,7,3,0.5
196,22,11,1
197,20,10,1
191,13,6,0.9
192,16,8,1
199,13,8,1.4
200,7,5,0.7
201,11,3,0.7
198,17,6,0.6
202,18,9,0.4
203,22,11,0.4
204,20,10,0.4
206,20,8,0.6
205,17,10,0.5
207,8,10,0.7
208,17,6,0.2
209,4,4,1.8
210,14,9,0.3
213,13,7,0.5
214,6,10,0.1
215,22,10,1.4
216,20,11,1.4
211,5,11,0.8
212,21,3,0.8
217,14,10,2
220,16,10,0.5
222,12,4,0.3
221,15,5,1
219,20,8,0.5
218,17,10,0.6
223,10,10,1
227,16,8,0.3
228,13,6,1.6
225,20,10,0.3
226,22,11,0.3
224,17,8,0.8
230,19,6,0.2
229,10,10,0.7
234,14,10,1.8
235,7,6,1
233,12,11,0.6
236,16,5,0.8
237,11,8,0.7
238,13,3,1.4
232,17,5,0.3
231,15,10,0.7
242,9,4,2
243,20,10,0.7
244,5,10,0.9
245,22,11,0.7
239,11,5,0.8
240,16,8,0.7
241,7,3,0.8
247,13,2,1.4
246,18,5,0.8
252,12,6,0.6
250,14,7,1.8
251,7,11,1
249,15,7,0.7
248,19,9,0.7
256,5,6,0.5
255,13,10,0.8
253,15,3,0.9
254,6,7,0.4
258,22,8,0.8
259,15,4,0.7
257,17,11,0.3
261,7,8,1.2
262,17,3,1.6
260,13,5,0.5
264,9,3,0.6
263,7,4,1
266,10,10,1.8
265,16,7,0.8
271,4,7,0.9
272,15,2,1.6
270,13,3,0.4
267,16,5,1.8
268,21,7,0.1
269,14,10,0.8
273,11,11,0.2
274,15,2,0.6
276,19,4,0.3
277,8,9,0.2
275,14,10,1.4
280,9,10,0.8
281,22,5,0.3
282,20,4,0.3
278,11,11,2
279,12,8,0.5
284,6,4,0.8
283,14,8,0.5
285,4,3,2
286,19,8,0.5
289,7,9,0.5
290,12,4,0.1
291,18,3,1
287,16,2,1
288,19,11,0.8
292,17,10,0.4
298,18,8,0.2
295,14,6,0.8
296,8,5,0.4
297,17,9,0.9
293,4,11,0.9
294,16,9,0.2
299,19,5,1
300,12,2,0.6
301,8,7,0.6
305,15,10,0.4
306,19,4,2
307,14,10,0.9
303,11,8,0.4
304,4,7,0.8
302,7,6,0.1
309,10,7,1.4
308,20,8,0.4
314,7,6,1.2
315,15,10,0.9
316,14,10,0.4
312,21,7,0.5
313,11,8,0.9
310,13,3,0.8
311,16,5,1.4
318,15,11,1
317,12,10,0.3
323,7,6,2
322,14,2,0.9
325,15,2,0.4
326,17,5,0.5
324,13,3,1.6
319,16,5,0.6
321,19,4,0.1
320,12,11,0.8
327,4,2,1.2
328,7,11,1.6
329,21,2,0.4
330,12,6,1.2
331,6,10,1.4
332,20,11,0.1
333,22,10,0.1
334,9,5,2
335,5,11,0.9
336,21,3,0.9
337,20,11,0.7
338,22,10,0.7
340,12,5,1
341,17,11,0.7
342,8,7,0.2
339,15,4,0.3
343,19,2,0.6
346,5,7,2
347,12,3,0.9
344,22,6,0.2
345,20,7,0.2
348,12,9,0.5
349,7,4,0.1
351,7,10,1
352,14,6,1.8
350,12,7,0.6
354,20,3,0.5
353,10,4,1.8
356,10,3,0.7
357,6,5,0.7
355,18,7,1.6
363,20,3,1.2
364,17,9,1.8
358,4,11,1.8
359,15,6,1.4
361,5,3,1
362,21,11,1
360,8,5,0.7
365,12,8,0.3
366,22,5,0.7
367,5,4,0.9
368,20,4,0.7
369,9,10,2
370,7,5,1
371,11,3,1
372,16,6,0.8
373,8,10,1.8
374,4,4,0.7
375,16,6,0.4
376,19,2,0.8
377,16,11,1
378,15,4,0.5
381,20,10,0.8
382,22,11,0.8
379,5,10,1.4
380,17,8,0.3
384,9,4,0.3
383,18,9,0.8
386,18,11,1
387,9,6,0.1
385,19,3,0.8
391,13,5,0.6
389,16,3,1.6
388,18,2,1.6
390,11,6,0.2
395,8,10,0.2
396,17,6,0.7
392,7,5,0.6
393,11,3,0.6
394,14,9,1.4
397,19,3,0.6
399,17,10,0.8
398,20,8,0.3
401,8,5,0.8
402,14,6,0.4
400,12,7,1.6
403,7,10,1.2
404,10,4,0.4
405,15,6,0.9
406,14,10,0.3
410,19,5,1.4
409,14,11,0.3
407,17,4,1.8
408,12,2,0.2
412,10,4,1
411,16,9,1.6
413,13,4,1.4
416,21,10,0.1
414,6,3,0.8
415,10,5,0.8
417,15,3,2
421,11,3,0.3
422,7,5,0.3
423,13,8,0.2
420,21,4,0.2
418,17,6,1
419,8,2,1.8
430,20,2,0.1
431,11,5,0.3
432,7,3,0.3
425,22,11,2
426,20,10,2
427,9,4,0.7
424,5,10,0.2
428,17,8,0.7
429,18,9,2
438,16,9,0.8
434,7,2,0.7
435,14,6,0.2
433,18,8,0.8
437,10,4,0.2
436,17,9,0.3
442,15,11,1.6
443,12,10,0.9
444,21,6,2
439,17,4,1.2
441,9,8,1.2
440,10,9,0.5
445,16,11,0.7
448,18,3,0.3
446,16,2,0.3
447,15,5,0.1
450,9,3,1
451,8,11,0.2
452,17,7,0.7
449,7,4,0.6
458,12,10,2
459,21,6,0.9
454,16,4,1
453,12,2,0.1
457,4,6,0.1
455,7,7,0.8
456,15,11,0.5
460,19,4,1
461,12,3,0.3
462,22,6,0.8
463,20,7,0.8
465,16,6,1.2
466,21,4,0.7
464,8,10,1
467,19,8,0.7
471,11,10,0.6
468,8,3,0.2
469,18,6,0.1
470,9,11,1
473,18,10,0.6
474,7,8,0.4
472,11,6,0.1
477,19,9,1.2
475,15,7,1.2
476,7,11,0.9
478,14,8,0.6
479,13,9,0.7
480,22,7,1.4
481,20,6,1.4
482,13,10,0.5
483,6,7,0.1
485,8,8,0.8
484,14,3,0.1
490,16,2,0.1
491,15,5,0.3
486,12,4,1
487,17,10,0.7
488,18,3,0.1
489,8,6,0.2
492,20,8,2
493,16,6,0.6
495,8,10,1.6
496,19,7,0.1
494,15,9,0.1
497,12,3,0.8
498,22,6,0.3
499,20,7,0.3
500,20,11,0.9
501,22,10,0.9
502,21,3,0.7
503,5,11,0.7
509,4,9,0.1
510,19,10,0.5
505,21,9,0.9
506,14,4,1.6
504,12,5,0.4
508,10,6,1.6
507,17,11,0.1
511,10,6,0.7
512,19,10,0.2
516,18,10,0.1
515,9,7,1
514,17,3,0.7
517,11,6,0.6
513,20,9,0.1
518,14,4,0.6
521,14,3,0.9
520,6,7,0.9
519,15,3,0.4
525,11,8,1
523,14,2,0.2
522,7,6,0.7
524,17,5,0.6
527,12,11,0.3
528,15,10,1
526,16,5,0.5
530,20,2,0.9
529,5,2,0.7
531,14,10,0.2
533,11,7,1.2
532,21,8,0.8
534,13,11,0.8
536,13,5,0.9
535,18,2,0.7
538,16,3,0.7
537,7,8,0.8
543,19,6,1.6
542,8,11,0.1
539,12,9,0.9
541,4,5,1.2
540,21,5,0.4
545,15,10,0.8
544,7,6,0.5
546,21,10,0.5
554,7,11,1.2
553,4,2,1.6
552,6,3,0.4
551,15,7,0.9
550,10,5,0.4
555,19,9,0.9
547,12,6,1.6
549,8,4,0.8
548,14,7,0.4
557,13,8,1.6
556,16,6,0.3
562,21,4,1.6
561,14,9,0.9
560,17,6,0.8
558,15,9,0.4
559,19,7,0.4
565,18,5,0.4
566,8,8,0.2
564,22,7,2
563,20,6,2
568,14,6,0.7
567,7,2,0.2
569,17,9,1.4
572,19,9,1.4
574,4,10,1.8
573,15,7,1.4
570,21,10,1
571,8,4,0.7
576,9,10,1.2
575,11,11,1.6
579,22,7,0.7
578,20,6,0.7
577,5,6,0.9
580,13,10,1.2
582,12,7,0.2
581,8,5,1
585,5,3,0.7
584,20,3,0.9
583,21,11,0.7
586,19,10,1.2
587,21,9,0.8
589,11,11,0.6
591,9,10,1
590,18,7,0.1
588,12,8,0.7
594,11,5,0.1
593,20,2,0.3
592,7,3,0.1
595,16,9,1.2
596,14,6,0.6
598,9,4,0.1
597,17,8,0.1
600,4,7,0.5
599,8,9,1.6
601,15,10,0.1
602,15,2,2
603,14,10,1.2
607,22,6,1.4
606,13,11,0.5
605,20,7,1.4
604,6,6,0.1
609,5,7,0.8
608,10,8,0.4
612,22,3,0.7
611,21,10,0.9
610,12,6,2
614,12,6,0.2
613,8,4,1
616,21,10,0.7
615,22,3,0.9
617,16,2,1.2
619,18,3,1.2
618,17,10,1.8
620,19,11,1.4
621,14,5,0.3
624,21,4,0.6
622,15,9,1.8
623,19,7,1.8
626,14,9,0.7
625,13,8,0.6
627,17,6,1.4
628,12,9,0.2
630,18,6,0.4
629,15,8,0.3
632,9,3,1.4
631,21,5,0.3
633,7,4,0.2
634,8,11,0.6
635,17,3,1.4
637,19,7,0.2
639,15,9,0.2
638,10,11,0.7
636,8,2,0.6
640,21,9,0.1
643,7,2,0.1
642,20,3,0.3
641,12,7,0.8
645,18,10,0.5
644,20,9,0.5
646,18,5,0.3
647,15,3,0.1
648,19,10,1
651,5,7,0.7
650,22,6,0.9
649,20,7,0.9
652,12,3,0.2
653,16,7,0.3
654,19,6,0.4
656,18,10,0.8
655,20,9,0.8
658,16,2,0.8
657,19,11,1
659,18,3,0.8
661,7,4,1.4
660,10,2,0.3
662,12,9,1.8
663,5,8,0.6
664,16,10,1.6
668,22,6,0.5
667,20,7,0.5
666,13,11,1.4
665,12,3,0.6
674,13,6,1.4
673,20,10,0.5
672,22,11,0.5
676,6,11,1.8
675,17,8,0.6
671,18,9,0.5
670,7,3,1
669,11,5,1
682,14,8,0.4
678,5,5,0.8
677,15,8,0.9
681,22,4,1.4
680,6,4,0.1
679,20,5,1.4
683,11,10,0.9
684,19,3,1
685,18,11,0.8
688,18,10,0.9
687,20,9,0.9
686,5,9,0.7
689,10,9,0.9
692,15,11,2
691,9,8,0.8
690,19,5,0.4
694,15,2,0.2
693,8,9,0.6
697,16,4,1.8
696,21,6,0.1
695,14,11,0.8
699,20,3,0.2
702,21,11,2
701,5,3,2
700,12,7,0.9
698,15,6,1.6
706,8,9,0.3
705,19,4,0.2
704,11,8,1.8
703,14,10,0.7
708,4,7,1.4
707,15,10,1.8
709,14,2,0.8
710,8,9,0.1
711,15,10,1.6
713,21,5,0.8
712,17,7,1.6
714,10,10,0.1
715,8,11,0.5
716,17,4,1.4
719,19,2,0.3
720,21,9,1.8
718,15,4,0.6
717,4,9,1
723,17,11,0.6
722,6,8,1.8
721,19,2,0.7
724,19,6,0.5
725,13,10,0.4
730,17,4,0.2
729,12,2,1.8
732,10,9,0.3
731,21,6,1
728,4,6,1.8
727,15,11,1.4
726,9,8,0.2
733,16,4,0.9
737,11,8,1.2
736,17,5,1.6
735,21,7,0.8
738,13,3,0.5
734,14,10,0.1
742,4,9,0.5
741,8,7,1.6
740,19,10,0.1
743,12,5,0.8
739,16,11,0.6
745,17,7,0.5
744,10,2,0.9
747,18,4,0.3
746,10,8,0.9
748,9,9,0.8
750,10,7,2
749,19,11,0.9
753,20,3,0.8
751,12,7,0.3
752,15,6,1
757,19,8,0.1
756,5,11,1.6
755,21,3,1.6
754,6,2,1.2
760,9,5,0.5
759,20,11,0.6
758,22,10,0.6
761,11,7,0.1
762,18,11,0.6
764,21,8,0.9
763,11,7,0.5
766,20,11,0.8
765,22,10,0.8
768,5,11,1.4
767,21,3,1.4
770,21,2,0.2
769,4,10,0.7
771,14,7,1.4
774,13,7,1.4
773,20,11,0.5
772,22,10,0.5
778,17,4,1.6
777,21,6,0.8
776,14,11,0.1
775,9,8,1.6
781,8,8,0.6
779,5,6,0.6
780,13,10,0.3
783,4,8,0.8
782,11,7,0.4
784,18,11,0.3
788,9,8,1
785,21,6,0.2
787,12,10,0.7
786,17,4,1
789,21,5,0.2
791,17,7,1
790,9,3,0.7
793,19,9,1
792,12,6,0.3
794,15,7,1
795,7,10,0.2
798,16,3,0.8
797,13,5,1.4
796,7,8,0.7
799,18,2,0.8
800,20,2,0.8
803,21,8,1.6
801,19,3,0.1
802,9,6,0.8
805,16,9,0.3
804,7,10,0.1
806,19,4,0.8
807,12,11,0.1
808,11,10,0.1
809,18,6,0.6
810,15,8,0.1
811,19,6,0.7
812,10,10,0.2
813,17,3,0.2
816,19,6,0.6
815,21,5,1.8
814,16,7,0.1
817,10,10,0.8
819,16,7,1.8
818,21,5,0.1
821,7,3,0.2
820,11,5,0.2
823,13,10,1.6
822,11,9,0.4
824,20,2,0.6
828,6,11,1.2
827,5,2,1.6
826,7,3,0.4
825,11,5,0.4
831,9,8,0.1
830,14,11,1.6
832,12,10,0.4
829,17,4,0.1
833,10,11,1.6
834,17,6,0.1
835,19,7,0.5
837,8,2,0.9
836,15,9,0.5
840,13,10,1.8
843,22,7,0.1
842,6,7,1.4
841,20,6,0.1
839,11,9,0.6
838,14,3,1.4
844,15,9,1.4
845,19,7,1.4
849,18,10,1
848,9,7,0.1
846,17,3,0.4
847,20,9,1
851,19,3,0.3
850,13,4,1.8
852,21,8,2
853,6,9,0.8
856,20,3,1.6
854,15,6,0.2
855,8,5,0.3
857,8,2,0.1
858,16,6,0.2
860,14,9,0.8
859,17,6,0.9
861,8,10,2
862,13,10,2
864,15,10,2
863,19,4,0.4
868,11,8,2
867,12,11,0.5
866,15,2,0.1
865,16,5,0.3
870,15,8,2
869,9,11,0.8
871,8,3,1.6
874,16,2,1.6
873,10,7,0.7
876,18,3,1.6
875,19,11,0.2
872,14,5,0.7
877,10,8,2
880,12,3,0.5
879,22,6,0.6
878,20,7,0.6
881,6,6,1.6
882,18,4,0.7
883,14,11,0.6
884,12,10,1.8
885,13,9,0.8
886,11,2,0.9
888,19,3,0.2
887,18,11,1.6
890,10,2,0.8
889,17,7,1.2
893,14,11,0.9
892,19,5,2
891,15,11,0.4
895,12,2,0.8
894,7,7,0.1
897,20,9,0.3
896,18,10,0.3
901,22,10,0.3
900,20,11,0.3
899,19,8,0.4
898,9,5,0.8
904,17,2,0.6
905,14,5,0.2
902,19,11,0.7
903,10,7,0.2
907,18,3,0.5
906,7,9,1
908,16,2,0.5
909,10,7,1
911,22,5,0.4
910,20,4,0.4
914,18,7,0.7
916,6,5,1.6
915,10,3,1.6
912,12,8,0.1
913,9,10,0.4
921,17,8,0.9
922,18,9,0.2
918,5,10,2
917,9,4,0.9
920,22,11,0.2
919,20,10,0.2
923,10,10,0.3
925,4,9,1.6
924,8,7,0.5
926,19,2,0.9
928,6,10,0.4
927,11,4,1.2
930,5,11,0.5
929,21,3,0.5
931,13,7,0.8
932,7,2,1
933,16,9,0.5
934,19,3,0.7
935,15,4,0.2
936,12,2,0.7
937,18,2,0.1
938,16,3,0.1
939,20,9,2
942,18,3,0.2
941,19,11,1.6
940,8,6,0.1
943,16,2,0.2
945,15,11,0.1
944,12,2,0.5
947,12,9,1
946,19,6,0.3
949,21,6,1.8
948,16,4,0.1
950,12,2,1
952,10,6,2
951,19,10,0.9
953,12,9,0.8
956,15,7,0.3
955,7,11,0.6
954,21,2,1.8
959,19,9,0.3
958,12,6,1
957,8,4,0.2
961,6,5,1
960,10,3,1
966,7,10,0.5
965,15,6,0.8
963,8,5,0.9
962,17,9,0.4
964,20,3,1
969,9,7,0.8
967,16,3,0.6
968,18,2,0.6
970,8,5,0.5
975,19,4,1.8
974,11,8,0.2
972,14,2,1
971,21,7,0.6
973,13,3,0.3
977,5,5,2
976,9,11,0.9
979,22,4,0.2
978,20,5,0.2
983,11,8,0.6
981,12,11,0.7
980,17,5,1
982,21,7,0.2
985,7,6,0.3
984,15,10,0.6
989,5,2,1.8
988,11,5,0.6
987,7,3,0.6
986,17,8,1
991,7,9,1.4
990,14,5,0.6
993,12,4,1.8
992,17,2,0.2
995,21,9,0.4
994,4,9,1.2
996,12,5,0.9
997,8,10,0.5
999,15,8,0.4
998,18,6,0.3
1001,11,10,0.4
1000,6,4,1.2
1003,20,7,0.4
1002,22,6,0.4
1005,10,8,1.4
1004,9,9,0.7
1008,9,9,0.1
1007,22,6,1
1006,20,7,1
1013,18,8,0.1
1010,12,7,0.7
1009,20,3,2
1012,21,11,0.2
1011,5,3,0.2
1016,16,9,0.1
1015,7,10,0.3
1014,15,6,0.6
1020,4,4,1.2
1019,21,4,0.4
1018,8,10,0.1
1017,19,7,1.6
1021,10,11,0.5
1023,8,2,2
1022,13,8,0.4
1024,18,6,0.7
1025,13,9,1.2
1026,9,11,0.4
1027,11,2,0.5
1028,11,10,0.5
1030,20,5,1
1031,22,4,1
1029,8,3,0.9
1033,16,3,0.5
1032,18,2,0.5
1035,14,11,1.8
1036,7,7,1
1034,12,10,0.6
1038,22,6,1.2
1039,20,7,1.2
1037,13,11,0.7
1042,21,5,1
1040,8,11,0.7
1041,17,7,0.2
1043,11,5,1.2
1044,7,3,1.2
1045,17,8,1.6
1046,6,11,0.4
1047,13,9,0.3
1048,21,10,0.6
1050,8,3,0.7
1049,5,5,1
1051,4,2,0.4
1052,6,3,1.6
1053,10,5,1.6
1054,21,2,1.2
1056,12,6,0.4
1055,14,7,1.6
1057,21,8,0.7
1058,16,8,0.1
1059,6,11,1.4
1060,22,11,0.1
1061,20,10,0.1
1062,18,9,0.1
1063,6,10,1.6
1066,5,4,0.1
1064,6,5,0.8
1065,10,3,0.8
1067,4,4,0.4
1068,16,6,0.7
1070,7,9,0.3
1069,19,11,0.6
1072,17,2,0.7
1071,16,10,0.1
1073,7,10,1.6
1074,18,8,1.8
1075,11,6,0.8
1077,18,2,1
1076,16,3,1
1080,14,8,0.8
1078,8,3,0.1
1079,18,6,0.2
1082,15,3,0.3
1081,18,5,0.1
1083,15,5,0.4
1084,17,2,0.5
1085,19,11,2
1086,10,7,0.9
1087,13,10,0.9
1092,13,11,1.2
1093,9,9,0.4
1088,22,6,0.7
1089,5,7,0.9
1090,20,7,0.7
1091,12,3,2
1094,13,4,1
1097,6,11,0.5
1098,13,6,0.1
1095,22,11,1.8
1096,20,10,1.8
1100,14,10,1.6
1099,12,11,0.4
1101,9,10,0.3
1102,9,10,1.6
1103,7,8,1.8
1104,18,10,1.6
1105,14,7,1.2
1106,6,3,1.2
1107,10,5,1.2
1108,21,2,1.6
1109,7,11,0.4
1111,12,4,0.2
1112,8,6,1
1113,17,2,1.8
1110,16,10,1.2
1115,18,5,1.4
1114,13,2,0.8
1116,12,8,1.2
1117,5,2,0.4
1118,7,3,1.6
1119,11,5,1.6
1120,17,8,1.2
1121,8,2,1.4
1122,5,8,0.8
1123,15,5,0.9
1124,10,7,0.4
1126,8,6,0.8
1127,14,5,0.4
1125,12,4,1.6
1128,7,10,0.8
1129,15,6,0.5
1130,15,5,1.6
1131,12,4,0.9
1132,18,7,1.2
1133,9,2,0.2
1134,15,2,1.4
1135,14,10,0.6
1137,20,4,1.4
1138,6,5,0.1
1139,22,5,1.4
1140,10,3,0.1
1136,5,4,0.8
1142,21,5,0.5
1141,16,7,1.4
1144,9,9,1.2
1145,13,11,0.4
1143,10,8,0.5
1147,18,2,0.4
1146,16,3,0.4
1148,11,9,0.1
1149,20,6,0.6
1150,22,7,0.6
1151,5,2,1.2
1152,6,11,1.6
1153,17,8,0.4
1156,12,11,1.2
1154,13,3,2
1155,16,5,0.2
1157,19,6,0.9
1158,10,10,2
1159,7,6,1.8
1160,14,10,1
1163,6,5,1.8
1164,10,3,1.8
1161,22,5,0.5
1162,20,4,0.5
1166,11,11,1
1165,9,10,0.6
1169,16,8,0.9
1167,7,3,1.4
1168,11,5,1.4
1170,13,6,1
1171,6,5,0.6
1172,10,3,0.6
1173,19,3,1.6
1174,18,11,0.2
1177,5,11,2
1178,9,5,0.9
1179,21,3,2
1175,20,11,0.2
1176,22,10,0.2
1180,9,11,1.4
1181,15,8,0.2
1182,14,9,0.4
1184,18,4,0.5
1183,9,9,0.6
1186,13,3,1
1185,14,2,0.3
1188,7,2,1.4
1189,18,8,0.9
1190,10,4,0.3
1187,17,9,0.2
1192,18,8,0.7
1193,17,9,2
1191,7,2,0.8
1194,16,10,0.3
1195,12,4,0.5
1196,7,9,0.1
1197,9,10,0.5
1198,20,4,0.6
1199,22,5,0.6
1200,16,9,0.4
1201,11,2,0.2
1202,15,3,0.2
1203,19,4,0.5
1204,18,10,0.4
1205,7,8,0.6
1207,17,3,1
1208,9,7,0.7
1206,20,9,0.4
1209,14,9,1.2
1210,17,6,0.5
1211,14,11,1
1212,7,7,1.8
1213,16,11,2
1216,16,11,1.2
1214,12,5,0.2
1215,8,7,1
1218,17,2,1.2
1219,5,8,0.4
1220,10,7,0.8
1217,16,10,1.8
1221,14,5,0.8
1222,8,6,0.4
1223,16,8,0.8
1224,7,3,0.7
1225,11,5,0.7
1228,12,10,1
1229,17,4,0.7
1226,7,7,0.6
1227,15,11,0.3
1230,18,8,0.5
1231,16,8,0.2
1232,6,10,0.2
1233,19,8,1
1235,5,10,0.5
1234,13,6,0.8
1236,22,4,0.4
1237,20,5,0.4
1239,18,6,2
1238,14,8,1.4
1240,9,6,0.9
1242,9,6,0.7
1241,22,9,0.4
1243,10,4,0.9
1244,15,6,0.4
1245,18,8,0.3
1247,15,3,0.6
1246,13,2,1.8
1248,7,9,0.7
1249,22,5,2
1250,20,4,2
1251,9,10,0.7
1253,12,8,1
1252,18,7,0.4
1254,13,11,1
1255,7,11,0.7
1257,5,4,0.7
1258,22,5,0.9
1259,20,4,0.9
1256,9,10,0.2
1260,11,10,0.3
1261,7,4,0.4
1262,10,10,1.2
1263,14,4,0.1
1264,4,9,0.2
1265,16,11,0.9
1266,4,8,1.8
1267,9,6,0.2
1268,9,8,0.6
1270,7,7,0.7
1269,17,4,0.6
1271,14,7,2
1272,12,11,2
1273,21,7,0.9
1274,11,8,0.5
1275,13,7,2
1276,16,7,2
1277,19,3,0.5
1278,4,8,2
1279,9,9,0.2
1280,18,4,0.9
1281,10,8,0.3
1282,12,3,0.1
1283,18,4,1
1284,16,10,0.9
1285,12,10,0.2
1286,8,10,0.8
1287,16,9,0.6
1288,22,7,0.5
1289,20,6,0.5
1290,13,10,1.4
1291,14,4,0.2
1293,10,6,0.2
1292,19,10,0.7
1294,20,2,0.4
1295,13,6,0.2
1296,6,10,0.6
1299,4,9,0.9
1300,16,11,0.2
1297,19,2,1.6
1298,12,5,1.2
1301,14,5,1.2
1302,6,11,0.7
1303,22,11,1.6
1304,20,10,1.6
1305,16,10,0.6
1308,12,4,0.8
1306,8,6,1.6
1307,19,11,0.1
1309,19,5,0.2
1310,14,11,0.7
1311,13,2,0.2
1312,12,6,0.5
1313,8,8,1.8
1314,11,9,0.3
1316,6,8,0.9
1315,15,4,0.1
1319,13,8,0.9
1320,4,4,0.1
1317,11,3,0.8
1318,7,5,0.8
1321,8,2,0.7
1322,14,7,0.5
1323,20,6,0.8
1324,22,7,0.8
1325,15,3,1
1326,8,8,1.4
1327,13,3,0.1
1328,14,10,0.5
1329,14,4,0.5
1330,4,4,0.9
1331,13,8,0.1
1332,9,2,1.2
1333,18,7,0.2
1334,12,3,1.4
1335,13,11,0.6
1336,17,9,1.2
1337,14,6,0.5
1339,19,5,0.1
1338,12,10,0.8
1342,22,10,1.8
1343,20,11,1.8
1340,13,7,0.1
1341,6,10,0.5
1344,20,2,1
1345,10,8,1.8
1347,5,10,0.4
1346,16,8,1.8
1348,4,2,1.4
1349,21,10,0.3
1351,19,4,1.2
1350,14,2,0.4
1353,13,9,1
1352,6,4,0.6
1354,9,11,1.8
1355,17,11,2
1356,19,2,0.5
1357,17,6,0.4
1359,8,2,1.2
1360,15,9,0.8
1358,19,7,0.8
1361,19,4,1.6
1362,17,7,0.4
1363,10,9,0.6
1364,10,4,1.2
1365,18,8,0.6
1366,7,10,0.4
1367,14,6,1.2
1368,17,9,0.5
1369,19,8,0.6
1372,10,11,0.8
1370,21,4,0.1
1371,16,6,1.8
1373,8,10,0.4
1374,12,8,0.8
1377,19,7,1
1375,4,4,0.6
1376,15,9,1
1378,11,4,1.8
1379,19,8,0.2
1381,11,10,0.2
1380,8,3,0.6
1382,9,3,0.4
1384,10,10,1.6
1383,17,7,0.1
1385,19,3,0.4
1390,13,3,0.9
1386,4,7,0.4
1387,21,7,1.2
1388,16,5,0.7
1389,11,8,0.8
1391,13,8,0.3
1392,16,6,1.6
1393,8,6,1.8
1394,17,2,1
1396,5,8,1.8
1395,16,10,0.4
1399,21,11,0.8
1400,5,3,0.8
1397,10,4,0.1
1398,20,3,1.4
1402,15,4,1
1403,4,9,0.6
1401,12,5,0.3
1404,11,4,0.7
1406,22,11,0.9
1407,20,10,0.9
1408,5,10,0.7
1405,9,4,0.2
1410,6,6,0.7
1409,18,4,1.6
1411,10,10,0.9
1412,19,6,2
1413,9,2,0.5
1414,5,9,0.1
1415,21,2,0.8
1416,13,9,0.1
1418,14,3,0.3
1417,13,2,1
1419,13,5,0.4
1420,16,10,0.8
1421,11,2,1
1423,18,6,0.8
1422,14,8,0.2
1424,14,2,0.1
1427,13,8,1.2
1425,7,5,0.5
1426,11,3,0.5
1429,15,10,1.2
1430,7,6,0.9
1428,14,2,2
1431,8,6,0.5
1432,15,10,0.2
1434,6,9,1
1433,13,4,0.6
1435,22,5,1
1436,20,4,1
1437,11,11,0.5
1438,12,8,2
1439,6,7,0.8
1441,8,8,0.1
1440,14,3,0.8
1442,19,8,0.3
1443,8,9,0.4
1444,17,5,0.9
1446,22,10,1.2
1447,20,11,1.2
1445,13,7,0.7
1448,11,9,0.8
1449,20,2,0.7
1450,5,2,0.9
1451,6,9,0.5
1452,17,3,0.8
1453,13,7,0.2
1454,18,11,2
1458,5,11,0.2
1459,21,3,0.2
1455,22,10,2
1456,20,11,2
1457,9,5,0.7
1460,16,11,0.4
1461,13,2,0.5
1462,13,10,0.7
1463,4,10,1.2
1464,21,10,0.4
1465,22,2,0.3
1466,11,4,0.1
1467,17,7,1.8
1469,18,8,1.4
1470,7,2,0.9
1468,14,6,2
1471,13,4,0.2
1472,18,10,1.4
1473,13,5,0.2
1474,16,3,2
1475,8,6,0.7
1476,17,10,0.2
1477,20,8,0.9
1478,5,8,0.7
1481,10,2,1.8
1482,4,5,0.6
1479,19,6,1
1480,12,9,0.3
1483,17,11,1
1484,12,5,0.7
1485,21,9,0.7
1486,5,10,0.1
1487,12,3,1
1488,18,4,0.1
1489,6,9,0.2
1491,16,8,1.6
1492,13,6,0.3
1490,5,10,0.6
1493,12,5,2
1494,13,5,0.3
1496,18,2,0.9
1497,13,5,0.7
1498,7,8,1.4
1495,16,3,0.9
1500,10,7,0.1
1499,17,10,1.6
1501,16,9,1.8
1503,7,11,0.2
1502,8,4,0.6
1504,5,3,0.3
1505,21,11,0.3
1506,17,3,0.3
1507,12,8,0.2
1509,19,5,0.3
1508,14,11,1.4
1511,14,4,1.8
1512,4,9,0.3
1510,12,5,0.6
1513,10,3,1.2
1514,11,11,0.4
1515,6,5,1.2
1516,11,4,0.9
1519,22,5,1.8
1520,20,4,1.8
1517,10,3,0.5
1518,6,5,0.5
1521,4,5,0.7
1522,16,7,0.4
1524,19,9,0.2
1525,8,4,0.3
1523,15,7,0.2
1528,15,7,0.1
1526,4,10,0.5
1527,19,9,0.1
1530,11,6,0.7
1529,17,3,0.6
1532,10,9,0.4
1531,19,5,0.9
1534,17,8,1.4
1535,5,10,0.3
1533,13,6,0.6
1536,17,6,0.3
1538,8,10,1.4
1537,14,9,0.2
1541,14,4,0.4
1542,8,7,0.8
1539,12,5,1.6
1540,19,2,1.2
1543,16,10,2
1544,15,6,0.7
1547,5,4,2
1548,9,10,0.9
1545,22,5,0.2
1546,20,4,0.2
1551,16,3,1.4
1552,13,5,0.8
1549,7,8,0.9
1550,18,2,1.4
1553,11,9,1
1554,18,5,0.5
1556,14,3,1
1555,13,2,0.3
1558,10,5,0.1
1559,22,3,1.4
1560,6,3,0.1
1557,21,10,0.8
1561,14,7,0.1
1562,13,5,1.8
1566,22,4,0.9
1567,20,5,0.9
1568,5,5,0.7
1563,15,8,1.4
1564,8,3,1
1565,9,11,0.2
1571,16,7,1.2
1572,21,5,0.7
1569,9,3,0.2
1570,8,11,1
1573,10,11,1.2
1574,7,5,0.4
1575,11,3,0.4
1576,4,5,0.4
1577,10,2,1.6
1578,16,7,0.7
1579,21,5,1.2
1580,18,4,0.6
1581,10,8,1.2
1582,11,6,1.8
1583,4,8,0.5
1584,19,3,2
1585,7,4,1.2
1586,10,10,0.4
1588,9,3,1.2
1587,16,7,0.2
1589,6,3,0.2
1590,10,5,0.2
1591,22,4,0.1
1592,6,4,1.4
1593,20,5,0.1
1594,11,2,0.3
1596,19,10,0.3
1595,14,4,1.4
1597,21,2,2
1598,13,10,0.2
1599,18,7,0.5
1600,13,9,0.6
1601,14,8,0.7
1603,7,9,0.2
1602,17,2,1.4
1605,20,2,1.4
1604,5,2,0.8
1606,5,3,1.6
1607,7,2,0.4
1608,21,11,1.6
1609,15,8,0.6
1610,8,3,1.4
1611,15,8,1
1612,18,11,0.7
1614,19,7,0.3
1613,15,9,0.3
1615,10,10,0.5
1618,11,7,0.6
1616,18,11,0.1
1617,9,6,1
1621,12,7,0.4
1619,18,8,1
1620,14,6,1.6
1622,19,11,1.8
1623,6,9,1.2
1624,18,5,0.6
1626,7,8,0.1
1625,11,6,0.4
1628,15,7,0.8
1629,7,11,0.5
1627,19,9,0.8
1631,4,3,0.9
1630,13,7,0.4
1632,16,6,0.5
1633,12,4,1.4
1634,18,9,1.4
1637,8,2,0.2
1635,21,4,1.8
1636,16,6,0.1
1640,19,7,0.6
1638,15,9,0.6
1639,4,4,1
1641,14,11,1.2
1642,8,9,1
1643,14,5,0.5
1644,21,9,0.5
1646,9,10,0.1
1647,18,7,1
1645,12,8,0.4
1648,12,9,0.6
1649,12,10,0.5
1651,15,5,0.2
1650,8,6,0.3
1652,4,8,0.1
1653,13,4,0.9
1654,4,11,0.4
1655,5,3,1.2
1656,21,11,1.2
1657,16,2,1.4
1658,21,5,0.6
1659,13,8,1
1660,14,9,1.6
1661,21,4,0.9
1662,4,11,0.2
1663,16,9,0.9
1665,18,3,0.6
1664,16,2,0.6
1666,17,9,1.6
1667,11,10,0.8
1668,6,5,0.3
1669,10,3,0.3
1670,17,4,0.5
1671,5,7,0.4
1672,10,8,0.8
1673,7,10,0.7
1674,22,9,1
1675,14,9,1.8
1676,4,4,0.3
1677,22,3,0.8
1678,17,7,0.3
1679,16,5,1
1681,5,3,0.1
1682,21,11,0.1
1680,10,4,0.8
1684,22,6,0.1
1685,6,6,1.4
1686,20,7,0.1
1683,13,11,1.8
1688,7,5,1.2
1689,11,3,1.2
1690,10,11,0.4
1687,13,8,0.5
1692,7,8,0.5
1693,9,7,2
1691,13,5,1.2
1695,9,4,0.8
1694,18,9,0.3
1696,15,4,0.8
1697,22,8,0.7
1698,22,5,0.8
1699,20,4,0.8
1701,19,2,0.2
1700,16,11,1.6
1702,11,9,0.2
1703,13,9,0.5
1704,10,8,1
1706,7,5,0.2
1707,11,3,0.2
1705,8,10,0.6
1708,13,2,0.7
1709,18,5,0.9
1710,22,4,0.8
1711,20,5,0.8
1712,15,8,0.7
1713,18,6,0.9
1715,22,9,0.7
1714,9,6,0.4
1716,15,2,1
1718,4,6,1
1717,19,5,0.6
1719,9,8,2
1720,15,11,0.8
1721,7,7,0.5
1722,10,7,0.5
1723,17,2,0.9
1724,12,7,1.4
1726,8,8,2
1727,13,2,0.4
1725,15,3,1.6
1728,16,4,0.8
1729,21,8,0.2
1730,17,2,0.3
1731,5,3,0.5
1732,21,11,0.5
1733,9,4,0.4
1734,15,8,1.6
1736,17,2,0.8
1737,10,7,1.2
1735,7,9,2
1738,13,7,0.3
1739,18,7,0.3
1740,19,8,1.6
1741,10,2,0.2
1742,5,4,0.6
1743,13,4,0.7
1745,14,5,1.8
1744,12,4,0.6
1747,11,4,1
1746,9,5,0.6
1748,6,10,0.3
1749,8,10,0.3
1750,12,2,0.4
1751,9,11,2
1752,20,5,0.7
1753,15,8,0.8
1754,5,5,0.9
1755,22,4,0.7
1756,13,4,0.3
1757,17,10,1.4
1758,5,8,0.3
1759,18,11,0.9
1760,9,2,1.4
1761,19,2,1.4
1762,9,9,1.4
1763,10,8,0.7
1764,14,5,0.1
1765,22,3,0.1
1766,6,3,1.4
1767,10,5,1.4
1768,6,3,1.8
1769,4,2,0.6
1770,10,5,1.8
1771,18,5,1.8
1773,5,7,0.6
1772,13,11,0.3
1774,15,3,0.7
1775,13,4,0.8
1776,5,8,0.5
1777,15,5,1.2
1779,14,4,0.7
1778,6,8,1
1780,6,5,0.4
1781,10,3,0.4
1782,11,11,1.2
1783,4,7,0.7
1784,16,5,0.4
1785,21,8,0.5
1786,11,7,0.9
1787,6,2,0.7
1789,17,8,0.2
1788,18,9,0.9
1790,21,4,0.5
1792,16,2,0.9
1791,18,3,0.9
1793,11,10,1
1794,4,10,1.4
1795,21,2,0.3
1796,15,7,1.8
1797,12,10,1.4
1798,16,11,0.8
1799,19,2,1
1800,12,9,0.1
1801,7,4,0.5
1802,18,10,1.2
1803,17,3,1.8
1804,6,10,0.7
1805,10,11,0.6
1806,21,2,0.1
1808,8,6,0.9
1807,17,10,2
1809,21,5,1.6
1810,10,2,1.2
1811,17,7,0.8
1814,20,7,1.8
1815,22,6,1.8
1812,6,6,0.5
1813,13,11,0.1
1816,18,8,1.6
1817,7,10,1.8
1818,14,6,1
1819,13,2,0.9
1820,18,5,0.7
1821,13,9,0.2
1822,14,8,0.9
1823,11,9,2
1824,9,5,0.4
1825,19,8,0.8
1826,11,10,2
1827,10,9,1.4
1828,9,8,0.7
1829,19,5,1.2
1830,12,2,1.6
1831,7,6,1.4
1833,16,5,1.2
1834,21,7,0.7
1832,12,11,0.2
1835,10,5,0.6
1836,6,3,0.6
1838,9,7,0.6
1837,11,6,1
1839,13,9,0.9
1840,18,4,0.2
1841,17,5,0.1
1842,18,9,1.2
1843,9,10,1.4
1844,11,7,1
1845,17,7,0.9
1846,10,2,0.5
1847,14,3,0.4
1848,21,7,2
1849,12,11,0.9
1851,14,5,1.4
1852,7,9,0.6
1850,19,11,0.3
1853,22,7,0.2
1854,20,6,0.2
1855,21,11,0.9
1856,12,7,2
1857,20,3,0.7
1858,5,3,0.9
1859,21,10,1.2
1860,4,10,0.4
1861,21,8,0.3
1862,20,8,1
1863,14,7,0.7
1864,10,10,0.6
1866,21,8,0.1
1865,22,9,0.2
1867,14,6,0.9
1868,17,9,0.8
1869,7,2,1.8
1870,5,3,0.6
1871,21,11,0.6
1872,6,7,0.6
1873,16,8,0.5
1874,11,11,0.9
1875,14,7,0.2
1876,19,2,2
1877,17,11,0.5
1878,16,11,0.5
1879,17,9,0.1
1881,16,9,0.7
1880,4,11,2
1882,21,6,0.6
1884,21,4,0.8
1885,17,6,1.6
1883,10,11,0.1
1886,21,9,1.2
1887,4,9,0.4
1888,9,8,1.4
1889,15,11,0.2
1890,10,9,0.7
1893,7,11,0.8
1894,15,7,0.5
1891,19,9,0.5
1892,4,10,0.1
1895,22,7,1.6
1896,20,6,1.6
1897,13,9,2
1898,7,5,1.4
1899,14,9,0.6
1900,13,8,0.7
1901,11,3,1.4
1903,4,9,0.8
1902,12,5,0.5
1904,6,8,0.2
1905,12,8,0.6
1906,8,7,0.1
1907,19,10,1.6
1908,18,7,0.8
1909,21,3,1
1910,5,11,1
1911,13,11,0.9
1912,16,4,0.6
1913,11,2,1.6
1914,5,5,0.4
1915,18,11,0.4
1916,18,6,1.8
1917,7,4,0.9
1918,11,4,0.5
1920,5,10,1.6
1919,16,8,0.6
1921,7,8,1.6
1922,17,3,1.2
1923,18,10,1.8
1924,13,4,0.5
1925,19,2,0.4
1926,7,3,2
1927,11,5,2
1928,16,4,0.4
1929,4,6,0.7
1930,19,2,0.1
1931,21,5,2
1932,9,3,0.9
1933,8,9,0.5
1934,15,2,0.9
1935,7,6,0.4
1938,9,3,0.8
1936,8,11,1.6
1937,19,6,0.1
1939,22,10,0.4
1940,20,11,0.4
1941,5,5,1.8
1942,11,2,0.6
1943,16,11,0.3
1944,7,7,0.3
1945,15,11,0.6
1946,12,7,0.1
1947,20,5,0.3
1948,11,2,0.1
1949,22,4,0.3
1951,22,11,1.4
1952,13,6,0.5
1953,20,10,1.4
1954,6,11,0.1
1950,5,10,0.8
1955,22,10,1
1956,20,11,1
1957,12,7,0.5
1958,4,10,0.6
1959,6,8,1.6
1960,17,11,0.4
1961,14,11,2
1962,11,6,0.5
1963,15,5,2
1964,19,11,0.4
1965,10,9,1.6
1966,14,7,0.3
1968,7,2,0.5
1967,16,9,1
1970,7,3,0.9
1971,11,5,0.9
1969,16,8,1.4
1972,12,9,0.7
1973,14,11,0.5
1974,5,6,0.4
1976,9,8,0.9
1975,10,9,0.8
1977,7,9,1.6
1978,20,2,0.5
1979,9,8,0.3
1980,9,7,0.3
1981,18,6,1.2
1982,4,8,0.9
1983,13,4,0.1
1986,10,6,0.1
1984,17,11,1.6
1985,6,8,0.4
1987,11,9,0.7
1988,19,3,1.8
1989,22,9,0.9
1990,9,10,1.8
1991,14,8,0.3
1992,8,8,0.7
1993,4,8,0.4
1994,11,7,0.8
1995,21,8,1.2
1996,8,4,0.1
1997,15,10,1.4
1998,13,4,1.6
1999,15,4,1.6
2000,11,9,1.8
2001,8,8,0.3
2003,15,11,0.7
2004,10,9,0.2
2002,17,4,0.3
2005,4,6,1.2
2006,21,6,0.4
2007,11,9,0.9
2008,13,11,0.2
2009,19,10,1.8
2010,8,7,1.4
2011,10,9,0.1
2012,19,9,1.6
2013,16,11,1.4
2014,6,3,0.7
2015,10,5,0.7
2016,22,7,1
2017,20,6,1
2018,13,6,0.4
2019,9,6,0.3
2020,9,6,1.6
2021,19,8,0.9
2022,18,11,0.5
2023,8,11,1.8
2024,6,10,0.9
2025,11,10,1.4
2026,22,8,1
2029,15,9,0.9
2030,8,2,0.5
2027,10,11,2
2028,19,7,0.9
2031,8,10,0.9
2032,6,2,0.3
2033,11,4,1.4
2036,6,4,0.5
2034,22,4,1.8
2035,20,5,1.8
2037,4,2,0.5
2038,6,10,1
2039,15,8,1.8
2040,15,2,0.7
2041,4,3,1.2
2042,21,3,0.4
2043,5,11,0.4
2044,9,2,0.4
2045,13,7,1
2046,11,11,0.3
2047,20,3,1.8
2048,10,4,0.5
2049,6,8,0.7
2050,14,4,1
2051,12,2,0.9
2052,8,7,2
2053,17,11,0.9
2054,19,4,0.9
2055,4,11,0.5
2056,15,6,0.1
2057,4,2,0.1
2059,21,7,1.6
2058,17,5,0.8
2061,18,3,1.8
2060,17,10,1.2
2062,11,11,0.8
2063,6,6,0.6
2067,6,5,1.4
2066,22,5,0.1
2065,20,4,0.1
2064,10,3,1.4
2069,5,5,1.2
2068,15,8,0.5
2070,15,9,2
2072,19,7,2
2071,10,11,0.9
2073,22,9,0.5
2074,6,9,1.8
2075,9,3,0.1
2076,19,6,0.8
2077,8,4,0.9
2078,16,4,0.5
2079,15,3,1.2
2080,10,6,0.6
2081,20,8,0.2
2082,14,6,0.3
2083,21,2,0.9
2084,16,4,2
2085,12,11,1.4
2086,21,9,0.6
2088,11,2,1.4
2087,6,4,0.3
2089,12,6,0.1
2090,14,6,0.1
2091,11,2,1.2
2092,16,6,0.9
2093,6,11,1
2094,16,4,1.4
2095,19,2,1.8
2097,10,6,1
2096,21,9,0.3
2098,6,4,0.7
2100,14,8,1
2099,18,6,1.6
2101,19,10,1.4
2103,4,9,1.8
2102,14,4,0.3
2104,14,5,2
2105,8,11,0.4
2106,17,3,0.9
2107,5,7,0.2
2110,22,6,2
2109,12,3,0.7
2108,20,7,2
2111,5,5,0.3
2113,6,3,0.3
2112,10,5,0.3
2114,10,7,0.3
2116,10,2,0.7
2115,16,7,1.6
2118,11,3,0.9
2117,7,5,0.9
2119,13,8,0.8
2120,12,6,0.8
2121,15,3,0.8
2122,16,8,0.4
2123,17,3,2
2125,7,5,1.6
2124,11,3,1.6
2126,14,3,1.6
2127,6,2,0.5
2128,22,2,1.8
2129,12,2,0.3
2131,5,5,1.6
2130,11,2,0.4
2132,11,7,0.3
2133,9,7,1.6
2134,10,6,0.8
2135,8,11,0.3
2136,12,9,0.4
2138,9,3,2
2137,21,5,0.9
2139,9,5,0.3
2141,10,6,0.3
2140,21,9,1
2142,12,5,1.4
2143,16,3,1.8
2144,18,2,1.8
2145,6,9,0.4
2146,8,11,0.9
2147,17,7,2
2149,20,10,1.2
2148,22,11,1.2
2150,13,6,0.7
2151,8,2,0.3
2152,20,9,0.6
2153,14,3,0.7
2154,10,11,1
2155,4,10,2
2158,8,9,0.9
2157,17,5,0.4
2156,15,2,0.5
2159,12,3,1.8
2160,14,5,1
2161,11,11,0.7
2162,19,5,0.5
2163,20,8,1.2
2164,14,4,2
2165,15,5,0.6
2166,13,9,1.6
2168,17,8,2
2167,18,9,0.7
2169,21,4,2
2170,22,2,0.5
2172,6,2,1.8
2171,4,3,0.6
2173,9,4,1.4
2175,22,8,1.4
2174,6,8,0.1
2177,15,4,0.9
2176,10,6,0.4
2178,17,4,0.9
2180,18,2,1.2
2179,9,7,0.2
2181,16,3,1.2
2183,17,6,1.2
2182,14,9,0.5
2185,21,6,1.6
2184,17,4,0.8
2186,15,7,2
2187,4,10,0.8
2189,22,7,0.4
2188,20,6,0.4
2191,11,9,0.5
2190,18,5,1
2192,8,6,0.6
2193,8,8,0.9
2194,14,9,0.1
2195,7,9,0.9
2196,17,2,1.6
2198,15,6,1.8
2197,4,11,1.4
2199,12,8,1.8
2201,15,9,1.2
2200,8,2,0.8
2202,19,7,1.2
2203,9,2,0.9
2204,10,4,0.7
2205,20,8,1.8
2206,21,8,0.6
2207,9,11,0.3
2208,20,9,0.2
2212,7,2,1.6
2211,4,11,1.2
2210,5,3,0.4
2209,21,11,0.4
2213,8,3,0.4
2214,4,11,0.7
2215,6,6,0.4
2216,10,8,0.1
2217,13,2,0.1
2218,12,8,0.9
2219,20,3,0.6
2221,8,4,0.4
2220,14,7,0.8
2222,18,10,2
2223,14,2,0.5
2225,15,6,1.2
2224,7,10,0.9
2226,22,3,1.6
2227,12,6,1.4
2228,19,5,0.7
2229,9,9,1
2230,9,2,0.6
2231,15,3,1.8
2232,13,2,0.6
2233,7,8,0.2
2234,12,8,1.6
2236,11,8,1.6
2235,17,5,1.2
2237,15,4,1.4
2238,22,8,0.9
2239,21,10,1.6
2240,11,4,0.8
2241,9,2,0.3
2242,16,6,1
2243,11,10,1.8
2244,5,10,1
2245,11,11,0.1
2246,18,7,0.6
2248,21,10,2
2247,12,6,0.9
2249,20,2,0.2
2250,20,2,1.6
2251,16,11,0.1
2252,16,10,1.4
2254,9,8,0.5
2253,7,7,2
2255,8,5,1.8
2256,16,7,1
2257,5,7,0.1
2258,6,6,0.8
2260,17,8,1.8
2259,6,11,0.6
2261,20,8,0.1
2262,7,9,0.4
2263,19,8,1.2
2266,22,4,2
2265,20,5,2
2264,9,11,0.7
2267,5,5,0.2
2269,14,4,0.8
2268,8,7,0.4
2270,16,4,0.3
2271,18,9,1.8
2274,21,6,1.2
2273,16,4,0.7
2272,4,6,0.4
2276,22,7,0.3
2275,20,6,0.3
2277,8,5,0.1
2278,21,8,1
2280,10,2,1.4
2279,7,4,0.3
2281,18,7,0.9
2282,6,11,0.2
2283,10,7,0.6
2285,9,6,1.8
2284,4,8,0.2
2286,10,8,0.2
2288,4,5,1.8
2287,10,2,0.6
2289,11,4,0.6
2290,9,5,1
2291,14,3,2
2294,5,3,1.8
2293,21,11,1.8
2292,7,2,0.6
2295,10,6,0.5
2296,17,4,2
2299,7,3,1.8
2298,11,5,1.8
2297,5,2,0.6
2301,11,3,1.8
2300,7,5,1.8
2302,17,3,0.5
2303,7,10,2
2304,16,6,2
2306,6,10,1.2
2305,11,4,0.4
2307,12,3,0.4
2308,11,6,0.9
2310,17,11,1.8
2309,6,8,0.6
2311,22,2,0.6
2312,14,5,0.9
2313,14,2,1.6
2314,14,3,0.2
2315,11,6,1.2
2316,19,6,1.2
2318,4,3,1.8
2317,6,2,0.6
2319,6,2,0.9
2320,18,7,2
2321,17,9,0.6
2322,11,9,1.6
2323,9,5,0.1
2325,10,3,0.2
2324,6,5,0.2
2327,4,5,1.6
2326,10,2,0.4
2329,22,4,0.6
2328,20,5,0.6
2331,4,6,1.4
2330,15,11,1.8
2332,8,11,0.8
2333,8,5,1.2
2335,18,4,1.2
2334,10,8,0.6
2336,6,7,0.7
2337,11,7,0.7
2339,17,6,1.8
2338,8,2,1
2340,11,7,0.2
2341,14,11,0.2
2342,9,2,0.1
2343,21,4,0.3
2344,20,9,1.2
2345,7,8,1
2347,21,2,1
2346,14,7,0.6
2348,5,7,1.8
2349,10,8,1.6
2351,5,5,0.5
2350,15,8,1.2
2352,16,8,2
2353,6,2,0.2
2354,16,7,0.9
2355,22,2,0.9
2357,22,4,0.5
2356,20,5,0.5
2358,11,4,1.6
2360,13,8,2
2359,8,2,0.4
2361,22,9,0.3
2362,18,9,1.6
2363,16,9,1.4
2364,5,9,0.8
2365,20,9,1.4
2366,7,7,0.2
2368,15,3,1.4
2367,8,8,1
2369,22,9,0.6
2370,5,4,1
2371,9,2,1.8
2372,10,11,0.3
2373,17,11,1.2
2374,21,10,1.8
2376,10,5,2
2375,6,3,2
2377,9,9,1.8
2378,13,5,1
2379,9,2,1.6
2380,20,8,1.6
2381,9,7,1.8
2382,20,9,1.8
2383,12,2,1.4
2384,4,10,1
2385,4,7,0.2
2386,4,6,0.3
2387,5,2,0.2
2388,19,4,0.7
2389,9,11,0.5
2390,16,8,1.2
2391,14,8,2
2394,22,2,0.1
2393,11,4,0.3
2392,6,2,1.4
2395,20,9,1.6
2396,10,2,1
2397,14,3,1.2
2398,8,3,0.3
2399,6,7,2
2400,16,4,1.6
2401,6,6,0.3
2402,4,2,1
2403,6,2,1
2404,6,6,1
2405,6,11,0.3
2406,13,3,1.2
2407,9,3,0.3
2408,15,9,1.6
2409,6,9,0.6
2410,15,3,0.5
2411,4,6,1.6
2412,17,5,2
2413,14,2,1.8
2414,5,2,0.5
2415,9,9,2
2416,5,6,1.6
2417,12,5,1.8
2418,17,5,1.8
2419,9,11,0.6
2420,16,7,0.6
2421,20,2,1.2
2422,13,11,2
2423,18,11,1.8
2425,21,3,0.6
2424,5,11,0.6
2426,18,7,1.4
2428,6,5,0.9
2427,10,3,0.9
2430,8,9,1.2
2429,15,2,0.8
2431,6,9,0.7
2432,10,2,2
2434,15,2,1.2
2433,8,9,0.8
2435,21,6,0.5
2436,6,4,1.8
2437,13,11,1.6
2438,7,11,0.1
2439,4,5,0.5
2440,19,3,0.9
2441,8,3,1.8
2442,9,9,0.5
2443,5,9,0.5
2445,22,5,1.6
2444,20,4,1.6
2446,20,2,2
2447,6,9,0.9
2448,5,8,2
2449,6,7,1.6
2450,19,4,1.4
2451,21,7,0.4
2452,19,5,1.8
2453,6,4,2
2454,4,6,0.9
2455,18,11,1.2
2456,9,4,0.6
2458,21,2,1.4
2457,4,10,0.3
2459,10,4,1.6
2460,9,9,0.9
2461,9,2,0.8
2462,9,5,1.8
2463,9,9,0.3
2465,6,8,1.4
2464,22,8,0.1
2466,6,7,0.3
2467,4,5,1
2468,13,6,1.8
2469,20,2,1.8
2470,6,8,0.3
2471,21,4,1
2472,11,6,0.3
2473,9,2,1
2475,22,4,1.2
2474,20,5,1.2
2476,9,7,0.9
2477,16,9,2
2478,11,2,0.8
2479,5,6,1
2480,8,9,0.7
2481,22,3,0.3
2482,9,6,0.5
2483,18,11,1.4
2484,5,2,0.3
2485,6,4,0.9
2486,8,4,0.5
2487,12,6,1.8
2488,19,8,1.4
2489,16,2,1.8
2490,9,6,0.6
2491,17,11,1.4
2492,5,9,1.8
2493,4,3,0.8
2494,9,2,0.7
2495,5,8,1
2496,8,8,0.5
2497,7,4,1.6
2498,18,2,2
2499,18,4,0.8
2500,19,6,1.8
2501,9,4,1
2503,5,5,0.6
2502,11,2,1.8
2504,13,3,1.8
2505,12,9,1.4
2506,19,9,2
2507,16,11,1.8
2508,4,2,0.2
2509,20,8,1.4
2510,5,9,1
2511,11,11,1.8
2512,4,10,0.9
2513,7,10,1.4
2515,19,5,1.6
2514,12,2,1.2
2516,6,11,2
2517,4,11,0.3
2518,5,9,1.4
2519,15,4,1.2
2520,21,8,1.8
2521,4,10,0.2
2523,18,8,1.2
2522,10,4,0.6
2525,7,5,2
2524,11,3,2
2526,7,4,2
2527,5,6,0.8
2528,18,4,1.8
2529,10,7,1.8
2530,18,7,1.8
2531,7,8,0.3
2533,22,6,1.6
2532,20,7,1.6
2534,22,3,0.2
2535,18,6,1.4
2536,6,7,0.2
2537,13,5,1.6
2539,16,4,1.2
2538,21,6,0.7
2540,12,7,1.2
2541,5,2,1.4
2542,9,3,0.5
2543,15,4,1.8
2544,5,9,0.4
2545,10,10,1.4
2546,12,9,2
2547,5,8,0.2
2548,16,5,1.6
2549,11,8,0.1
2550,22,2,0.8
2551,6,6,0.2
2552,19,3,1.2
2553,13,2,1.6
2554,9,5,0.2
2556,22,5,1.2
2555,20,4,1.2
2557,22,8,0.6
2558,10,6,1.2
2559,13,7,1.8
2560,9,6,1.2
2561,15,5,1.4
2562,12,3,1.2
2563,8,6,2
2565,22,7,1.2
2564,20,6,1.2
2566,6,7,1
2568,4,2,0.9
2567,15,7,1.6
2569,8,6,1.4
2570,6,8,0.8
2571,6,8,0.5
2573,22,10,1.6
2572,20,11,1.6
2575,6,3,0.5
2574,10,5,0.5
2576,15,5,1.8
2577,8,5,0.6
2578,6,7,1.8
2579,6,10,1.8
2580,7,4,1.8
2581,10,11,1.8
2582,11,7,2
2584,21,11,1.4
2583,5,3,1.4
2585,8,5,1.4
2586,11,11,1.4
2587,8,5,2
2589,21,3,1.8
2588,5,11,1.8
2590,5,9,0.3
2591,22,2,0.7
2592,6,11,0.8
2593,22,9,0.8
2594,19,11,1.2
2596,22,2,1.4
2595,6,2,0.1
2597,9,2,2
2598,6,11,0.9
2600,4,3,0.5
2599,19,8,2
2601,9,4,1.6
2602,13,6,1.2
2603,5,7,0.5
2604,9,5,1.4
2605,13,7,1.6
2606,18,4,1.4
2607,5,2,0.1
2608,12,11,1.8
2609,8,9,2
2610,13,7,1.2
2611,4,5,0.2
2612,18,5,1.6
2613,4,4,0.5
2614,6,2,0.8
2615,15,6,2
2616,4,8,0.6
2618,22,4,1.6
2617,20,5,1.6
2619,5,6,1.2
2620,10,2,0.1
2621,18,3,2
2622,17,6,2
2623,4,5,0.3
2624,14,8,1.2
2625,14,5,1.6
2626,13,9,1.4
2627,6,8,2
2628,4,3,0.1
2629,8,7,0.9
2630,13,4,2
2631,10,9,1.2
2632,7,4,0.8
2633,13,2,1.2
2634,4,5,0.1
2635,4,3,1
2636,5,4,0.3
2637,16,6,1.4
2638,4,8,1
2639,22,8,0.2
2640,10,6,1.8
2641,18,4,2
2642,8,4,1.6
2643,9,6,1.4
2644,18,5,2
2645,8,7,1.8
2647,4,3,1.6
2646,6,2,0.4
2648,9,6,2
2649,7,9,1.2
2650,8,9,1.4
2651,5,2,2
2653,10,3,2
2652,6,5,2
2654,5,7,1.2
2655,14,3,1.8
2656,16,2,2
2657,22,3,0.5
2659,4,6,0.2
2658,9,8,1.8
2660,8,5,1.6
2661,5,6,0.2
2662,12,8,1.4
2663,8,10,1.2
2664,7,6,1.6
2665,4,5,0.9
2666,22,8,0.5
2667,22,2,2
2668,6,6,0.9
2669,6,9,0.3
2670,5,9,1.6
2671,11,9,1.2
2672,4,7,1
2673,14,9,2
2674,9,3,1.6
2675,6,9,2
2676,4,4,0.2
2677,19,9,1.8
2678,9,4,1.8
2679,22,8,0.3
2680,21,2,0.7
2681,11,7,1.8
2682,22,2,1
2683,4,2,0.8
2684,4,8,0.3
2685,4,9,0.7
2686,4,5,0.8
2687,11,6,1.4
2688,4,6,0.6
2690,22,9,1.4
2689,6,9,0.1
2691,17,5,1.4
2693,4,11,1.6
2692,7,2,1.2
2694,9,5,1.6
2695,8,3,0.5
2696,12,9,1.6
2697,6,10,2
2698,8,7,0.3
2700,7,7,0.9
2699,15,11,1.2
2701,5,4,0.2
2702,5,7,0.3
2703,7,7,1.6
2704,7,7,0.4
2705,5,9,0.6
2706,4,7,0.3
2707,21,4,1.4
2708,5,7,1
2709,5,4,0.4
2710,4,3,0.2
2711,12,3,1.6
2712,4,2,0.7
2713,14,4,1.2
2714,5,9,0.2
2715,4,3,0.3
2716,10,6,1.4
2717,5,10,1.2
2718,21,7,1.4
2719,14,2,1.4
2720,5,6,1.8
2721,7,7,1.4
2722,5,4,0.5
2723,9,4,1.2
2724,5,5,0.1
2725,4,8,1.4
2726,12,11,1.6
2727,11,2,2
2728,5,4,1.8
2729,12,9,1.2
2730,12,7,1.8
2731,10,9,1.8
2732,5,10,1.8
2733,12,2,2
2734,5,5,1.4
2735,13,9,1.8
2736,8,6,1.2
2737,18,5,1.2
2738,9,7,1.4
2739,8,11,2
2740,22,3,0.4
2741,17,7,1.4
2742,6,4,1
2743,5,8,0.1
2744,13,8,1.8
2745,22,2,0.4
2746,4,6,0.5
2747,18,3,1.4
2748,4,11,0.6
2749,9,5,1.2
2750,5,6,0.1
2751,19,3,1.4
2752,9,3,1.8
2753,22,3,1
2754,5,2,1
2755,4,4,2
2756,10,4,2
2757,8,7,1.2
2758,22,3,0.6
2759,22,2,0.2
2760,13,4,1.2
2761,4,11,0.1
2762,4,11,0.8
2763,4,7,0.1
2764,4,7,0.6
2765,22,8,0.4
2766,14,2,1.2
2768,21,10,1.4
2767,4,2,0.3
2769,5,9,1.2
2770,4,3,1.4
2771,4,9,2
2772,6,8,1.2
2773,4,6,0.8
2774,19,6,1.4
2775,8,8,1.2
2776,11,6,2
2777,4,11,1
2778,4,8,0.7
2779,4,10,1.6
2780,8,2,1.6
2781,11,7,1.6
2782,21,8,1.4
2783,8,4,1.8
2784,8,4,1.2
2785,6,6,1.8
2786,8,4,2
2787,4,4,1.4
2788,13,6,2
2789,11,6,1.6
2790,21,6,1.4
2791,8,11,1.4
2792,8,4,1.4
2794,6,9,1.4
2793,22,9,0.1
2795,7,11,1.4
2796,8,8,1.6
2797,9,9,1.6
2798,22,2,1.2
2799,8,3,2
2800,21,9,1.4
2801,22,9,1.6
2802,4,5,1.4
2803,6,6,1.2
2804,4,3,0.7
2805,4,2,2
2806,7,2,2
2807,7,9,1.8
2808,11,7,1.4
2809,22,3,1.2
2810,6,6,2
2811,22,9,2
2812,21,9,2
2813,11,4,2
2814,6,2,2
2815,10,11,1.4
2816,5,8,1.6
2817,4,5,2
2818,22,8,1.6
2819,22,3,1.8
2820,7,11,2
2821,8,3,1.2
2822,22,8,1.2
2823,5,7,1.4
2824,5,6,2
2825,22,2,1.6
2826,5,9,2
2827,22,8,1.8
2828,8,11,1.2
2829,5,7,1.6
2830,6,7,1.2
2831,5,4,1.6
2832,6,9,1.6
2833,4,9,1.4
2834,22,9,1.8
2835,22,8,2
2836,5,4,1.4
2837,4,4,1.6
2838,5,4,1.2
2839,5,6,1.4
2840,4,8,1.6
2841,22,9,1.2
